cell_id,row,col,bank,x_mm,y_mm,z_mm,air_c,cell_c
0,0,0,0,-230.38,-201.441,-481.527,40.350166006086795,41.41370035821501
1,0,0,1,-230.38,-134.441,-481.527,40.350166006086795,41.41370035821501
2,0,1,0,-209.88,-201.441,-481.527,40.350166006086795,41.41370035821501
3,0,1,1,-209.88,-134.441,-481.527,40.350166006086795,41.41370035821501
4,0,2,0,-189.38,-201.441,-481.527,40.350166006086795,41.41370035821501
5,0,2,1,-189.38,-134.441,-481.527,40.350166006086795,41.41370035821501
6,0,3,0,-168.88,-201.441,-481.527,40.350166006086795,41.41370035821501
7,0,3,1,-168.88,-134.441,-481.527,40.350166006086795,41.41370035821501
8,0,4,0,-148.38,-201.441,-481.527,40.350166006086795,41.41370035821501
9,0,4,1,-148.38,-134.441,-481.527,40.350166006086795,41.41370035821501
10,0,5,0,-127.88,-201.441,-481.527,40.350166006086795,41.41370035821501
11,0,5,1,-127.88,-134.441,-481.527,40.350166006086795,41.41370035821501
12,0,6,0,-107.38,-201.441,-481.527,40.350166006086795,41.41370035821501
13,0,6,1,-107.38,-134.441,-481.527,40.350166006086795,41.41370035821501
14,0,7,0,-86.88,-201.441,-481.527,40.350166006086795,41.41370035821501
15,0,7,1,-86.88,-134.441,-481.527,40.350166006086795,41.41370035821501
16,0,8,0,-66.38,-201.441,-481.527,40.350166006086795,41.41370035821501
17,0,8,1,-66.38,-134.441,-481.527,40.350166006086795,41.41370035821501
18,0,9,0,-45.88,-201.441,-481.527,40.350166006086795,41.41370035821501
19,0,9,1,-45.88,-134.441,-481.527,40.350166006086795,41.41370035821501
20,0,10,0,-25.38,-201.441,-481.527,40.350166006086795,41.41370035821501
21,0,10,1,-25.38,-134.441,-481.527,40.350166006086795,41.41370035821501
22,0,11,0,-4.88,-201.441,-481.527,40.350166006086795,41.41370035821501
23,0,11,1,-4.88,-134.441,-481.527,40.350166006086795,41.41370035821501
24,1,0,0,-220.13,-201.441,-456.327,40.70032441555509,41.764208517374925
25,1,0,1,-220.13,-134.441,-456.327,40.70032441555509,41.764208517374925
26,1,1,0,-199.63,-201.441,-456.327,40.70032441555509,41.764208517374925
27,1,1,1,-199.63,-134.441,-456.327,40.70032441555509,41.764208517374925
28,1,2,0,-179.13,-201.441,-456.327,40.70032441555509,41.764208517374925
29,1,2,1,-179.13,-134.441,-456.327,40.70032441555509,41.764208517374925
30,1,3,0,-158.63,-201.441,-456.327,40.70032441555509,41.764208517374925
31,1,3,1,-158.63,-134.441,-456.327,40.70032441555509,41.764208517374925
32,1,4,0,-138.13,-201.441,-456.327,40.70032441555509,41.764208517374925
33,1,4,1,-138.13,-134.441,-456.327,40.70032441555509,41.764208517374925
34,1,5,0,-117.63,-201.441,-456.327,40.70032441555509,41.764208517374925
35,1,5,1,-117.63,-134.441,-456.327,40.70032441555509,41.764208517374925
36,1,6,0,-97.13,-201.441,-456.327,40.70032441555509,41.764208517374925
37,1,6,1,-97.13,-134.441,-456.327,40.70032441555509,41.764208517374925
38,1,7,0,-76.63,-201.441,-456.327,40.70032441555509,41.764208517374925
39,1,7,1,-76.63,-134.441,-456.327,40.70032441555509,41.764208517374925
40,1,8,0,-56.13,-201.441,-456.327,40.70032441555509,41.764208517374925
41,1,8,1,-56.13,-134.441,-456.327,40.70032441555509,41.764208517374925
42,1,9,0,-35.63,-201.441,-456.327,40.70032441555509,41.764208517374925
43,1,9,1,-35.63,-134.441,-456.327,40.70032441555509,41.764208517374925
44,1,10,0,-15.13,-201.441,-456.327,40.70032441555509,41.764208517374925
45,1,10,1,-15.13,-134.441,-456.327,40.70032441555509,41.764208517374925
46,1,11,0,5.37,-201.441,-456.327,40.70032441555509,41.764208517374925
47,1,11,1,5.37,-134.441,-456.327,40.70032441555509,41.764208517374925
48,2,0,0,-230.38,-201.441,-431.127,41.0504752054286,42.114708800538324
49,2,0,1,-230.38,-134.441,-431.127,41.0504752054286,42.114708800538324
50,2,1,0,-209.88,-201.441,-431.127,41.0504752054286,42.114708800538324
51,2,1,1,-209.88,-134.441,-431.127,41.0504752054286,42.114708800538324
52,2,2,0,-189.38,-201.441,-431.127,41.0504752054286,42.114708800538324
53,2,2,1,-189.38,-134.441,-431.127,41.0504752054286,42.114708800538324
54,2,3,0,-168.88,-201.441,-431.127,41.0504752054286,42.114708800538324
55,2,3,1,-168.88,-134.441,-431.127,41.0504752054286,42.114708800538324
56,2,4,0,-148.38,-201.441,-431.127,41.0504752054286,42.114708800538324
57,2,4,1,-148.38,-134.441,-431.127,41.0504752054286,42.114708800538324
58,2,5,0,-127.88,-201.441,-431.127,41.0504752054286,42.114708800538324
59,2,5,1,-127.88,-134.441,-431.127,41.0504752054286,42.114708800538324
60,2,6,0,-107.38,-201.441,-431.127,41.0504752054286,42.114708800538324
61,2,6,1,-107.38,-134.441,-431.127,41.0504752054286,42.114708800538324
62,2,7,0,-86.88,-201.441,-431.127,41.0504752054286,42.114708800538324
63,2,7,1,-86.88,-134.441,-431.127,41.0504752054286,42.114708800538324
64,2,8,0,-66.38,-201.441,-431.127,41.0504752054286,42.114708800538324
65,2,8,1,-66.38,-134.441,-431.127,41.0504752054286,42.114708800538324
66,2,9,0,-45.88,-201.441,-431.127,41.0504752054286,42.114708800538324
67,2,9,1,-45.88,-134.441,-431.127,41.0504752054286,42.114708800538324
68,2,10,0,-25.38,-201.441,-431.127,41.0504752054286,42.114708800538324
69,2,10,1,-25.38,-134.441,-431.127,41.0504752054286,42.114708800538324
70,2,11,0,-4.88,-201.441,-431.127,41.0504752054286,42.114708800538324
71,2,11,1,-4.88,-134.441,-431.127,41.0504752054286,42.114708800538324
72,3,0,0,-220.13,-201.441,-405.927,41.400618352736046,42.46520118525763
73,3,0,1,-220.13,-134.441,-405.927,41.400618352736046,42.46520118525763
74,3,1,0,-199.63,-201.441,-405.927,41.400618352736046,42.46520118525763
75,3,1,1,-199.63,-134.441,-405.927,41.400618352736046,42.46520118525763
76,3,2,0,-179.13,-201.441,-405.927,41.400618352736046,42.46520118525763
77,3,2,1,-179.13,-134.441,-405.927,41.400618352736046,42.46520118525763
78,3,3,0,-158.63,-201.441,-405.927,41.400618352736046,42.46520118525763
79,3,3,1,-158.63,-134.441,-405.927,41.400618352736046,42.46520118525763
80,3,4,0,-138.13,-201.441,-405.927,41.400618352736046,42.46520118525763
81,3,4,1,-138.13,-134.441,-405.927,41.400618352736046,42.46520118525763
82,3,5,0,-117.63,-201.441,-405.927,41.400618352736046,42.46520118525763
83,3,5,1,-117.63,-134.441,-405.927,41.400618352736046,42.46520118525763
84,3,6,0,-97.13,-201.441,-405.927,41.400618352736046,42.46520118525763
85,3,6,1,-97.13,-134.441,-405.927,41.400618352736046,42.46520118525763
86,3,7,0,-76.63,-201.441,-405.927,41.400618352736046,42.46520118525763
87,3,7,1,-76.63,-134.441,-405.927,41.400618352736046,42.46520118525763
88,3,8,0,-56.13,-201.441,-405.927,41.400618352736046,42.46520118525763
89,3,8,1,-56.13,-134.441,-405.927,41.400618352736046,42.46520118525763
90,3,9,0,-35.63,-201.441,-405.927,41.400618352736046,42.46520118525763
91,3,9,1,-35.63,-134.441,-405.927,41.400618352736046,42.46520118525763
92,3,10,0,-15.13,-201.441,-405.927,41.400618352736046,42.46520118525763
93,3,10,1,-15.13,-134.441,-405.927,41.400618352736046,42.46520118525763
94,3,11,0,5.37,-201.441,-405.927,41.400618352736046,42.46520118525763
95,3,11,1,5.37,-134.441,-405.927,41.400618352736046,42.46520118525763
96,4,0,0,-230.38,-201.441,-380.727,41.75075383451127,42.81568564908844
97,4,0,1,-230.38,-134.441,-380.727,41.75075383451127,42.81568564908844
98,4,1,0,-209.88,-201.441,-380.727,41.75075383451127,42.81568564908844
99,4,1,1,-209.88,-134.441,-380.727,41.75075383451127,42.81568564908844
100,4,2,0,-189.38,-201.441,-380.727,41.75075383451127,42.81568564908844
101,4,2,1,-189.38,-134.441,-380.727,41.75075383451127,42.81568564908844
102,4,3,0,-168.88,-201.441,-380.727,41.75075383451127,42.81568564908844
103,4,3,1,-168.88,-134.441,-380.727,41.75075383451127,42.81568564908844
104,4,4,0,-148.38,-201.441,-380.727,41.75075383451127,42.81568564908844
105,4,4,1,-148.38,-134.441,-380.727,41.75075383451127,42.81568564908844
106,4,5,0,-127.88,-201.441,-380.727,41.75075383451127,42.81568564908844
107,4,5,1,-127.88,-134.441,-380.727,41.75075383451127,42.81568564908844
108,4,6,0,-107.38,-201.441,-380.727,41.75075383451127,42.81568564908844
109,4,6,1,-107.38,-134.441,-380.727,41.75075383451127,42.81568564908844
110,4,7,0,-86.88,-201.441,-380.727,41.75075383451127,42.81568564908844
111,4,7,1,-86.88,-134.441,-380.727,41.75075383451127,42.81568564908844
112,4,8,0,-66.38,-201.441,-380.727,41.75075383451127,42.81568564908844
113,4,8,1,-66.38,-134.441,-380.727,41.75075383451127,42.81568564908844
114,4,9,0,-45.88,-201.441,-380.727,41.75075383451127,42.81568564908844
115,4,9,1,-45.88,-134.441,-380.727,41.75075383451127,42.81568564908844
116,4,10,0,-25.38,-201.441,-380.727,41.75075383451127,42.81568564908844
117,4,10,1,-25.38,-134.441,-380.727,41.75075383451127,42.81568564908844
118,4,11,0,-4.88,-201.441,-380.727,41.75075383451127,42.81568564908844
119,4,11,1,-4.88,-134.441,-380.727,41.75075383451127,42.81568564908844
120,5,0,0,-220.13,-201.441,-355.527,42.10088162779317,43.16616216958954
121,5,0,1,-220.13,-134.441,-355.527,42.10088162779317,43.16616216958954
122,5,1,0,-199.63,-201.441,-355.527,42.10088162779317,43.16616216958954
123,5,1,1,-199.63,-134.441,-355.527,42.10088162779317,43.16616216958954
124,5,2,0,-179.13,-201.441,-355.527,42.10088162779317,43.16616216958954
125,5,2,1,-179.13,-134.441,-355.527,42.10088162779317,43.16616216958954
126,5,3,0,-158.63,-201.441,-355.527,42.10088162779317,43.16616216958954
127,5,3,1,-158.63,-134.441,-355.527,42.10088162779317,43.16616216958954
128,5,4,0,-138.13,-201.441,-355.527,42.10088162779317,43.16616216958954
129,5,4,1,-138.13,-134.441,-355.527,42.10088162779317,43.16616216958954
130,5,5,0,-117.63,-201.441,-355.527,42.10088162779317,43.16616216958954
131,5,5,1,-117.63,-134.441,-355.527,42.10088162779317,43.16616216958954
132,5,6,0,-97.13,-201.441,-355.527,42.10088162779317,43.16616216958954
133,5,6,1,-97.13,-134.441,-355.527,42.10088162779317,43.16616216958954
134,5,7,0,-76.63,-201.441,-355.527,42.10088162779317,43.16616216958954
135,5,7,1,-76.63,-134.441,-355.527,42.10088162779317,43.16616216958954
136,5,8,0,-56.13,-201.441,-355.527,42.10088162779317,43.16616216958954
137,5,8,1,-56.13,-134.441,-355.527,42.10088162779317,43.16616216958954
138,5,9,0,-35.63,-201.441,-355.527,42.10088162779317,43.16616216958954
139,5,9,1,-35.63,-134.441,-355.527,42.10088162779317,43.16616216958954
140,5,10,0,-15.13,-201.441,-355.527,42.10088162779317,43.16616216958954
141,5,10,1,-15.13,-134.441,-355.527,42.10088162779317,43.16616216958954
142,5,11,0,5.37,-201.441,-355.527,42.10088162779317,43.16616216958954
143,5,11,1,5.37,-134.441,-355.527,42.10088162779317,43.16616216958954
144,6,0,0,-230.38,-201.441,-330.327,42.45100170962576,43.516630724322795
145,6,0,1,-230.38,-134.441,-330.327,42.45100170962576,43.516630724322795
146,6,1,0,-209.88,-201.441,-330.327,42.45100170962576,43.516630724322795
147,6,1,1,-209.88,-134.441,-330.327,42.45100170962576,43.516630724322795
148,6,2,0,-189.38,-201.441,-330.327,42.45100170962576,43.516630724322795
149,6,2,1,-189.38,-134.441,-330.327,42.45100170962576,43.516630724322795
150,6,3,0,-168.88,-201.441,-330.327,42.45100170962576,43.516630724322795
151,6,3,1,-168.88,-134.441,-330.327,42.45100170962576,43.516630724322795
152,6,4,0,-148.38,-201.441,-330.327,42.45100170962576,43.516630724322795
153,6,4,1,-148.38,-134.441,-330.327,42.45100170962576,43.516630724322795
154,6,5,0,-127.88,-201.441,-330.327,42.45100170962576,43.516630724322795
155,6,5,1,-127.88,-134.441,-330.327,42.45100170962576,43.516630724322795
156,6,6,0,-107.38,-201.441,-330.327,42.45100170962576,43.516630724322795
157,6,6,1,-107.38,-134.441,-330.327,42.45100170962576,43.516630724322795
158,6,7,0,-86.88,-201.441,-330.327,42.45100170962576,43.516630724322795
159,6,7,1,-86.88,-134.441,-330.327,42.45100170962576,43.516630724322795
160,6,8,0,-66.38,-201.441,-330.327,42.45100170962576,43.516630724322795
161,6,8,1,-66.38,-134.441,-330.327,42.45100170962576,43.516630724322795
162,6,9,0,-45.88,-201.441,-330.327,42.45100170962576,43.516630724322795
163,6,9,1,-45.88,-134.441,-330.327,42.45100170962576,43.516630724322795
164,6,10,0,-25.38,-201.441,-330.327,42.45100170962576,43.516630724322795
165,6,10,1,-25.38,-134.441,-330.327,42.45100170962576,43.516630724322795
166,6,11,0,-4.88,-201.441,-330.327,42.45100170962576,43.516630724322795
167,6,11,1,-4.88,-134.441,-330.327,42.45100170962576,43.516630724322795
168,7,0,0,-220.13,-201.441,-305.127,42.8011140570581,43.867091290853466
169,7,0,1,-220.13,-134.441,-305.127,42.8011140570581,43.867091290853466
170,7,1,0,-199.63,-201.441,-305.127,42.8011140570581,43.867091290853466
171,7,1,1,-199.63,-134.441,-305.127,42.8011140570581,43.867091290853466
172,7,2,0,-179.13,-201.441,-305.127,42.8011140570581,43.867091290853466
173,7,2,1,-179.13,-134.441,-305.127,42.8011140570581,43.867091290853466
174,7,3,0,-158.63,-201.441,-305.127,42.8011140570581,43.867091290853466
175,7,3,1,-158.63,-134.441,-305.127,42.8011140570581,43.867091290853466
176,7,4,0,-138.13,-201.441,-305.127,42.8011140570581,43.867091290853466
177,7,4,1,-138.13,-134.441,-305.127,42.8011140570581,43.867091290853466
178,7,5,0,-117.63,-201.441,-305.127,42.8011140570581,43.867091290853466
179,7,5,1,-117.63,-134.441,-305.127,42.8011140570581,43.867091290853466
180,7,6,0,-97.13,-201.441,-305.127,42.8011140570581,43.867091290853466
181,7,6,1,-97.13,-134.441,-305.127,42.8011140570581,43.867091290853466
182,7,7,0,-76.63,-201.441,-305.127,42.8011140570581,43.867091290853466
183,7,7,1,-76.63,-134.441,-305.127,42.8011140570581,43.867091290853466
184,7,8,0,-56.13,-201.441,-305.127,42.8011140570581,43.867091290853466
185,7,8,1,-56.13,-134.441,-305.127,42.8011140570581,43.867091290853466
186,7,9,0,-35.63,-201.441,-305.127,42.8011140570581,43.867091290853466
187,7,9,1,-35.63,-134.441,-305.127,42.8011140570581,43.867091290853466
188,7,10,0,-15.13,-201.441,-305.127,42.8011140570581,43.867091290853466
189,7,10,1,-15.13,-134.441,-305.127,42.8011140570581,43.867091290853466
190,7,11,0,5.37,-201.441,-305.127,42.8011140570581,43.867091290853466
191,7,11,1,5.37,-134.441,-305.127,42.8011140570581,43.867091290853466
192,8,0,0,-230.38,-201.441,-279.927,43.15121864714445,44.21754384674972
193,8,0,1,-230.38,-134.441,-279.927,43.15121864714445,44.21754384674972
194,8,1,0,-209.88,-201.441,-279.927,43.15121864714445,44.21754384674972
195,8,1,1,-209.88,-134.441,-279.927,43.15121864714445,44.21754384674972
196,8,2,0,-189.38,-201.441,-279.927,43.15121864714445,44.21754384674972
197,8,2,1,-189.38,-134.441,-279.927,43.15121864714445,44.21754384674972
198,8,3,0,-168.88,-201.441,-279.927,43.15121864714445,44.21754384674972
199,8,3,1,-168.88,-134.441,-279.927,43.15121864714445,44.21754384674972
200,8,4,0,-148.38,-201.441,-279.927,43.15121864714445,44.21754384674972
201,8,4,1,-148.38,-134.441,-279.927,43.15121864714445,44.21754384674972
202,8,5,0,-127.88,-201.441,-279.927,43.15121864714445,44.21754384674972
203,8,5,1,-127.88,-134.441,-279.927,43.15121864714445,44.21754384674972
204,8,6,0,-107.38,-201.441,-279.927,43.15121864714445,44.21754384674972
205,8,6,1,-107.38,-134.441,-279.927,43.15121864714445,44.21754384674972
206,8,7,0,-86.88,-201.441,-279.927,43.15121864714445,44.21754384674972
207,8,7,1,-86.88,-134.441,-279.927,43.15121864714445,44.21754384674972
208,8,8,0,-66.38,-201.441,-279.927,43.15121864714445,44.21754384674972
209,8,8,1,-66.38,-134.441,-279.927,43.15121864714445,44.21754384674972
210,8,9,0,-45.88,-201.441,-279.927,43.15121864714445,44.21754384674972
211,8,9,1,-45.88,-134.441,-279.927,43.15121864714445,44.21754384674972
212,8,10,0,-25.38,-201.441,-279.927,43.15121864714445,44.21754384674972
213,8,10,1,-25.38,-134.441,-279.927,43.15121864714445,44.21754384674972
214,8,11,0,-4.88,-201.441,-279.927,43.15121864714445,44.21754384674972
215,8,11,1,-4.88,-134.441,-279.927,43.15121864714445,44.21754384674972
216,9,0,0,-220.13,-201.441,-254.727,43.501315456944155,44.567988369583304
217,9,0,1,-220.13,-134.441,-254.727,43.501315456944155,44.567988369583304
218,9,1,0,-199.63,-201.441,-254.727,43.501315456944155,44.567988369583304
219,9,1,1,-199.63,-134.441,-254.727,43.501315456944155,44.567988369583304
220,9,2,0,-179.13,-201.441,-254.727,43.501315456944155,44.567988369583304
221,9,2,1,-179.13,-134.441,-254.727,43.501315456944155,44.567988369583304
222,9,3,0,-158.63,-201.441,-254.727,43.501315456944155,44.567988369583304
223,9,3,1,-158.63,-134.441,-254.727,43.501315456944155,44.567988369583304
224,9,4,0,-138.13,-201.441,-254.727,43.501315456944155,44.567988369583304
225,9,4,1,-138.13,-134.441,-254.727,43.501315456944155,44.567988369583304
226,9,5,0,-117.63,-201.441,-254.727,43.501315456944155,44.567988369583304
227,9,5,1,-117.63,-134.441,-254.727,43.501315456944155,44.567988369583304
228,9,6,0,-97.13,-201.441,-254.727,43.501315456944155,44.567988369583304
229,9,6,1,-97.13,-134.441,-254.727,43.501315456944155,44.567988369583304
230,9,7,0,-76.63,-201.441,-254.727,43.501315456944155,44.567988369583304
231,9,7,1,-76.63,-134.441,-254.727,43.501315456944155,44.567988369583304
232,9,8,0,-56.13,-201.441,-254.727,43.501315456944155,44.567988369583304
233,9,8,1,-56.13,-134.441,-254.727,43.501315456944155,44.567988369583304
234,9,9,0,-35.63,-201.441,-254.727,43.501315456944155,44.567988369583304
235,9,9,1,-35.63,-134.441,-254.727,43.501315456944155,44.567988369583304
236,9,10,0,-15.13,-201.441,-254.727,43.501315456944155,44.567988369583304
237,9,10,1,-15.13,-134.441,-254.727,43.501315456944155,44.567988369583304
238,9,11,0,5.37,-201.441,-254.727,43.501315456944155,44.567988369583304
239,9,11,1,5.37,-134.441,-254.727,43.501315456944155,44.567988369583304
240,10,0,0,-230.38,-201.441,-229.527,43.85140446352176,44.91842483692898
241,10,0,1,-230.38,-134.441,-229.527,43.85140446352176,44.91842483692898
242,10,1,0,-209.88,-201.441,-229.527,43.85140446352176,44.91842483692898
243,10,1,1,-209.88,-134.441,-229.527,43.85140446352176,44.91842483692898
244,10,2,0,-189.38,-201.441,-229.527,43.85140446352176,44.91842483692898
245,10,2,1,-189.38,-134.441,-229.527,43.85140446352176,44.91842483692898
246,10,3,0,-168.88,-201.441,-229.527,43.85140446352176,44.91842483692898
247,10,3,1,-168.88,-134.441,-229.527,43.85140446352176,44.91842483692898
248,10,4,0,-148.38,-201.441,-229.527,43.85140446352176,44.91842483692898
249,10,4,1,-148.38,-134.441,-229.527,43.85140446352176,44.91842483692898
250,10,5,0,-127.88,-201.441,-229.527,43.85140446352176,44.91842483692898
251,10,5,1,-127.88,-134.441,-229.527,43.85140446352176,44.91842483692898
252,10,6,0,-107.38,-201.441,-229.527,43.85140446352176,44.91842483692898
253,10,6,1,-107.38,-134.441,-229.527,43.85140446352176,44.91842483692898
254,10,7,0,-86.88,-201.441,-229.527,43.85140446352176,44.91842483692898
255,10,7,1,-86.88,-134.441,-229.527,43.85140446352176,44.91842483692898
256,10,8,0,-66.38,-201.441,-229.527,43.85140446352176,44.91842483692898
257,10,8,1,-66.38,-134.441,-229.527,43.85140446352176,44.91842483692898
258,10,9,0,-45.88,-201.441,-229.527,43.85140446352176,44.91842483692898
259,10,9,1,-45.88,-134.441,-229.527,43.85140446352176,44.91842483692898
260,10,10,0,-25.38,-201.441,-229.527,43.85140446352176,44.91842483692898
261,10,10,1,-25.38,-134.441,-229.527,43.85140446352176,44.91842483692898
262,10,11,0,-4.88,-201.441,-229.527,43.85140446352176,44.91842483692898
263,10,11,1,-4.88,-134.441,-229.527,43.85140446352176,44.91842483692898
264,11,0,0,-220.13,-201.441,-204.327,44.20148564394697,45.268853226364854
265,11,0,1,-220.13,-134.441,-204.327,44.20148564394697,45.268853226364854
266,11,1,0,-199.63,-201.441,-204.327,44.20148564394697,45.268853226364854
267,11,1,1,-199.63,-134.441,-204.327,44.20148564394697,45.268853226364854
268,11,2,0,-179.13,-201.441,-204.327,44.20148564394697,45.268853226364854
269,11,2,1,-179.13,-134.441,-204.327,44.20148564394697,45.268853226364854
270,11,3,0,-158.63,-201.441,-204.327,44.20148564394697,45.268853226364854
271,11,3,1,-158.63,-134.441,-204.327,44.20148564394697,45.268853226364854
272,11,4,0,-138.13,-201.441,-204.327,44.20148564394697,45.268853226364854
273,11,4,1,-138.13,-134.441,-204.327,44.20148564394697,45.268853226364854
274,11,5,0,-117.63,-201.441,-204.327,44.20148564394697,45.268853226364854
275,11,5,1,-117.63,-134.441,-204.327,44.20148564394697,45.268853226364854
276,11,6,0,-97.13,-201.441,-204.327,44.20148564394697,45.268853226364854
277,11,6,1,-97.13,-134.441,-204.327,44.20148564394697,45.268853226364854
278,11,7,0,-76.63,-201.441,-204.327,44.20148564394697,45.268853226364854
279,11,7,1,-76.63,-134.441,-204.327,44.20148564394697,45.268853226364854
280,11,8,0,-56.13,-201.441,-204.327,44.20148564394697,45.268853226364854
281,11,8,1,-56.13,-134.441,-204.327,44.20148564394697,45.268853226364854
282,11,9,0,-35.63,-201.441,-204.327,44.20148564394697,45.268853226364854
283,11,9,1,-35.63,-134.441,-204.327,44.20148564394697,45.268853226364854
284,11,10,0,-15.13,-201.441,-204.327,44.20148564394697,45.268853226364854
285,11,10,1,-15.13,-134.441,-204.327,44.20148564394697,45.268853226364854
286,11,11,0,5.37,-201.441,-204.327,44.20148564394697,45.268853226364854
287,11,11,1,5.37,-134.441,-204.327,44.20148564394697,45.268853226364854
288,12,0,0,-230.38,-201.441,-179.127,44.5515589752946,45.619273515472514
289,12,0,1,-230.38,-134.441,-179.127,44.5515589752946,45.619273515472514
290,12,1,0,-209.88,-201.441,-179.127,44.5515589752946,45.619273515472514
291,12,1,1,-209.88,-134.441,-179.127,44.5515589752946,45.619273515472514
292,12,2,0,-189.38,-201.441,-179.127,44.5515589752946,45.619273515472514
293,12,2,1,-189.38,-134.441,-179.127,44.5515589752946,45.619273515472514
294,12,3,0,-168.88,-201.441,-179.127,44.5515589752946,45.619273515472514
295,12,3,1,-168.88,-134.441,-179.127,44.5515589752946,45.619273515472514
296,12,4,0,-148.38,-201.441,-179.127,44.5515589752946,45.619273515472514
297,12,4,1,-148.38,-134.441,-179.127,44.5515589752946,45.619273515472514
298,12,5,0,-127.88,-201.441,-179.127,44.5515589752946,45.619273515472514
299,12,5,1,-127.88,-134.441,-179.127,44.5515589752946,45.619273515472514
300,12,6,0,-107.38,-201.441,-179.127,44.5515589752946,45.619273515472514
301,12,6,1,-107.38,-134.441,-179.127,44.5515589752946,45.619273515472514
302,12,7,0,-86.88,-201.441,-179.127,44.5515589752946,45.619273515472514
303,12,7,1,-86.88,-134.441,-179.127,44.5515589752946,45.619273515472514
304,12,8,0,-66.38,-201.441,-179.127,44.5515589752946,45.619273515472514
305,12,8,1,-66.38,-134.441,-179.127,44.5515589752946,45.619273515472514
306,12,9,0,-45.88,-201.441,-179.127,44.5515589752946,45.619273515472514
307,12,9,1,-45.88,-134.441,-179.127,44.5515589752946,45.619273515472514
308,12,10,0,-25.38,-201.441,-179.127,44.5515589752946,45.619273515472514
309,12,10,1,-25.38,-134.441,-179.127,44.5515589752946,45.619273515472514
310,12,11,0,-4.88,-201.441,-179.127,44.5515589752946,45.619273515472514
311,12,11,1,-4.88,-134.441,-179.127,44.5515589752946,45.619273515472514
312,13,0,0,-220.13,-201.441,-153.927,44.90162443464476,45.969685681836665
313,13,0,1,-220.13,-134.441,-153.927,44.90162443464476,45.969685681836665
314,13,1,0,-199.63,-201.441,-153.927,44.90162443464476,45.969685681836665
315,13,1,1,-199.63,-134.441,-153.927,44.90162443464476,45.969685681836665
316,13,2,0,-179.13,-201.441,-153.927,44.90162443464476,45.969685681836665
317,13,2,1,-179.13,-134.441,-153.927,44.90162443464476,45.969685681836665
318,13,3,0,-158.63,-201.441,-153.927,44.90162443464476,45.969685681836665
319,13,3,1,-158.63,-134.441,-153.927,44.90162443464476,45.969685681836665
320,13,4,0,-138.13,-201.441,-153.927,44.90162443464476,45.969685681836665
321,13,4,1,-138.13,-134.441,-153.927,44.90162443464476,45.969685681836665
322,13,5,0,-117.63,-201.441,-153.927,44.90162443464476,45.969685681836665
323,13,5,1,-117.63,-134.441,-153.927,44.90162443464476,45.969685681836665
324,13,6,0,-97.13,-201.441,-153.927,44.90162443464476,45.969685681836665
325,13,6,1,-97.13,-134.441,-153.927,44.90162443464476,45.969685681836665
326,13,7,0,-76.63,-201.441,-153.927,44.90162443464476,45.969685681836665
327,13,7,1,-76.63,-134.441,-153.927,44.90162443464476,45.969685681836665
328,13,8,0,-56.13,-201.441,-153.927,44.90162443464476,45.969685681836665
329,13,8,1,-56.13,-134.441,-153.927,44.90162443464476,45.969685681836665
330,13,9,0,-35.63,-201.441,-153.927,44.90162443464476,45.969685681836665
331,13,9,1,-35.63,-134.441,-153.927,44.90162443464476,45.969685681836665
332,13,10,0,-15.13,-201.441,-153.927,44.90162443464476,45.969685681836665
333,13,10,1,-15.13,-134.441,-153.927,44.90162443464476,45.969685681836665
334,13,11,0,5.37,-201.441,-153.927,44.90162443464476,45.969685681836665
335,13,11,1,5.37,-134.441,-153.927,44.90162443464476,45.969685681836665
336,14,0,0,-230.38,-201.441,-128.727,45.251681999082734,46.32008970304548
337,14,0,1,-230.38,-134.441,-128.727,45.251681999082734,46.32008970304548
338,14,1,0,-209.88,-201.441,-128.727,45.251681999082734,46.32008970304548
339,14,1,1,-209.88,-134.441,-128.727,45.251681999082734,46.32008970304548
340,14,2,0,-189.38,-201.441,-128.727,45.251681999082734,46.32008970304548
341,14,2,1,-189.38,-134.441,-128.727,45.251681999082734,46.32008970304548
342,14,3,0,-168.88,-201.441,-128.727,45.251681999082734,46.32008970304548
343,14,3,1,-168.88,-134.441,-128.727,45.251681999082734,46.32008970304548
344,14,4,0,-148.38,-201.441,-128.727,45.251681999082734,46.32008970304548
345,14,4,1,-148.38,-134.441,-128.727,45.251681999082734,46.32008970304548
346,14,5,0,-127.88,-201.441,-128.727,45.251681999082734,46.32008970304548
347,14,5,1,-127.88,-134.441,-128.727,45.251681999082734,46.32008970304548
348,14,6,0,-107.38,-201.441,-128.727,45.251681999082734,46.32008970304548
349,14,6,1,-107.38,-134.441,-128.727,45.251681999082734,46.32008970304548
350,14,7,0,-86.88,-201.441,-128.727,45.251681999082734,46.32008970304548
351,14,7,1,-86.88,-134.441,-128.727,45.251681999082734,46.32008970304548
352,14,8,0,-66.38,-201.441,-128.727,45.251681999082734,46.32008970304548
353,14,8,1,-66.38,-134.441,-128.727,45.251681999082734,46.32008970304548
354,14,9,0,-45.88,-201.441,-128.727,45.251681999082734,46.32008970304548
355,14,9,1,-45.88,-134.441,-128.727,45.251681999082734,46.32008970304548
356,14,10,0,-25.38,-201.441,-128.727,45.251681999082734,46.32008970304548
357,14,10,1,-25.38,-134.441,-128.727,45.251681999082734,46.32008970304548
358,14,11,0,-4.88,-201.441,-128.727,45.251681999082734,46.32008970304548
359,14,11,1,-4.88,-134.441,-128.727,45.251681999082734,46.32008970304548
360,15,0,0,-220.13,-201.441,-103.527,45.601731645698976,46.670485556690494
361,15,0,1,-220.13,-134.441,-103.527,45.601731645698976,46.670485556690494
362,15,1,0,-199.63,-201.441,-103.527,45.601731645698976,46.670485556690494
363,15,1,1,-199.63,-134.441,-103.527,45.601731645698976,46.670485556690494
364,15,2,0,-179.13,-201.441,-103.527,45.601731645698976,46.670485556690494
365,15,2,1,-179.13,-134.441,-103.527,45.601731645698976,46.670485556690494
366,15,3,0,-158.63,-201.441,-103.527,45.601731645698976,46.670485556690494
367,15,3,1,-158.63,-134.441,-103.527,45.601731645698976,46.670485556690494
368,15,4,0,-138.13,-201.441,-103.527,45.601731645698976,46.670485556690494
369,15,4,1,-138.13,-134.441,-103.527,45.601731645698976,46.670485556690494
370,15,5,0,-117.63,-201.441,-103.527,45.601731645698976,46.670485556690494
371,15,5,1,-117.63,-134.441,-103.527,45.601731645698976,46.670485556690494
372,15,6,0,-97.13,-201.441,-103.527,45.601731645698976,46.670485556690494
373,15,6,1,-97.13,-134.441,-103.527,45.601731645698976,46.670485556690494
374,15,7,0,-76.63,-201.441,-103.527,45.601731645698976,46.670485556690494
375,15,7,1,-76.63,-134.441,-103.527,45.601731645698976,46.670485556690494
376,15,8,0,-56.13,-201.441,-103.527,45.601731645698976,46.670485556690494
377,15,8,1,-56.13,-134.441,-103.527,45.601731645698976,46.670485556690494
378,15,9,0,-35.63,-201.441,-103.527,45.601731645698976,46.670485556690494
379,15,9,1,-35.63,-134.441,-103.527,45.601731645698976,46.670485556690494
380,15,10,0,-15.13,-201.441,-103.527,45.601731645698976,46.670485556690494
381,15,10,1,-15.13,-134.441,-103.527,45.601731645698976,46.670485556690494
382,15,11,0,5.37,-201.441,-103.527,45.601731645698976,46.670485556690494
383,15,11,1,5.37,-134.441,-103.527,45.601731645698976,46.670485556690494
384,16,0,0,-230.38,-201.441,-78.327,45.95177335158928,47.020873220366525
385,16,0,1,-230.38,-134.441,-78.327,45.95177335158928,47.020873220366525
386,16,1,0,-209.88,-201.441,-78.327,45.95177335158928,47.020873220366525
387,16,1,1,-209.88,-134.441,-78.327,45.95177335158928,47.020873220366525
388,16,2,0,-189.38,-201.441,-78.327,45.95177335158928,47.020873220366525
389,16,2,1,-189.38,-134.441,-78.327,45.95177335158928,47.020873220366525
390,16,3,0,-168.88,-201.441,-78.327,45.95177335158928,47.020873220366525
391,16,3,1,-168.88,-134.441,-78.327,45.95177335158928,47.020873220366525
392,16,4,0,-148.38,-201.441,-78.327,45.95177335158928,47.020873220366525
393,16,4,1,-148.38,-134.441,-78.327,45.95177335158928,47.020873220366525
394,16,5,0,-127.88,-201.441,-78.327,45.95177335158928,47.020873220366525
395,16,5,1,-127.88,-134.441,-78.327,45.95177335158928,47.020873220366525
396,16,6,0,-107.38,-201.441,-78.327,45.95177335158928,47.020873220366525
397,16,6,1,-107.38,-134.441,-78.327,45.95177335158928,47.020873220366525
398,16,7,0,-86.88,-201.441,-78.327,45.95177335158928,47.020873220366525
399,16,7,1,-86.88,-134.441,-78.327,45.95177335158928,47.020873220366525
400,16,8,0,-66.38,-201.441,-78.327,45.95177335158928,47.020873220366525
401,16,8,1,-66.38,-134.441,-78.327,45.95177335158928,47.020873220366525
402,16,9,0,-45.88,-201.441,-78.327,45.95177335158928,47.020873220366525
403,16,9,1,-45.88,-134.441,-78.327,45.95177335158928,47.020873220366525
404,16,10,0,-25.38,-201.441,-78.327,45.95177335158928,47.020873220366525
405,16,10,1,-25.38,-134.441,-78.327,45.95177335158928,47.020873220366525
406,16,11,0,-4.88,-201.441,-78.327,45.95177335158928,47.020873220366525
407,16,11,1,-4.88,-134.441,-78.327,45.95177335158928,47.020873220366525
