cell_id,row,col,bank,body_index,x_mm,y_mm,z_mm,diameter_mm,volume_mm3
0,0,0,0,2047,-230.380,-201.441,-481.527,18.400,17259.58
1,0,0,1,2041,-230.380,-134.441,-481.527,18.400,17259.58
2,0,1,0,1926,-209.880,-201.441,-481.527,18.400,17259.58
3,0,1,1,2034,-209.880,-134.441,-481.527,18.400,17259.58
4,0,2,0,1944,-189.380,-201.441,-481.527,18.400,17259.58
5,0,2,1,1929,-189.380,-134.441,-481.527,18.400,17259.58
6,0,3,0,2022,-168.880,-201.441,-481.527,18.400,17259.58
7,0,3,1,2002,-168.880,-134.441,-481.527,18.400,17259.58
8,0,4,0,2056,-148.380,-201.441,-481.527,18.400,17259.58
9,0,4,1,1988,-148.380,-134.441,-481.527,18.400,17259.58
10,0,5,0,2014,-127.880,-201.441,-481.527,18.400,17259.58
11,0,5,1,2048,-127.880,-134.441,-481.527,18.400,17259.58
12,0,6,0,1997,-107.380,-201.441,-481.527,18.400,17259.58
13,0,6,1,1946,-107.380,-134.441,-481.527,18.400,17259.58
14,0,7,0,1974,-86.880,-201.441,-481.527,18.400,17259.58
15,0,7,1,1975,-86.880,-134.441,-481.527,18.400,17259.58
16,0,8,0,2043,-66.380,-201.441,-481.527,18.400,17259.58
17,0,8,1,1917,-66.380,-134.441,-481.527,18.400,17259.58
18,0,9,0,2042,-45.880,-201.441,-481.527,18.400,17259.58
19,0,9,1,1919,-45.880,-134.441,-481.527,18.400,17259.58
20,0,10,0,2058,-25.380,-201.441,-481.527,18.400,17259.58
21,0,10,1,1962,-25.380,-134.441,-481.527,18.400,17259.58
22,0,11,0,1976,-4.880,-201.441,-481.527,18.400,17259.58
23,0,11,1,1918,-4.880,-134.441,-481.527,18.400,17259.58
24,1,0,0,2531,-220.130,-201.441,-456.327,18.400,17259.58
25,1,0,1,2580,-220.130,-134.441,-456.327,18.400,17259.58
26,1,1,0,2602,-199.630,-201.441,-456.327,18.400,17259.58
27,1,1,1,2589,-199.630,-134.441,-456.327,18.400,17259.58
28,1,2,0,2579,-179.130,-201.441,-456.327,18.400,17259.58
29,1,2,1,2603,-179.130,-134.441,-456.327,18.400,17259.58
30,1,3,0,2584,-158.630,-201.441,-456.327,18.400,17259.58
31,1,3,1,2599,-158.630,-134.441,-456.327,18.400,17259.58
32,1,4,0,2598,-138.130,-201.441,-456.327,18.400,17259.58
33,1,4,1,2592,-138.130,-134.441,-456.327,18.400,17259.58
34,1,5,0,2556,-117.630,-201.441,-456.327,18.400,17259.58
35,1,5,1,2564,-117.630,-134.441,-456.327,18.400,17259.58
36,1,6,0,2548,-97.130,-201.441,-456.327,18.400,17259.58
37,1,6,1,2594,-97.130,-134.441,-456.327,18.400,17259.58
38,1,7,0,2538,-76.630,-201.441,-456.327,18.400,17259.58
39,1,7,1,2577,-76.630,-134.441,-456.327,18.400,17259.58
40,1,8,0,2604,-56.130,-201.441,-456.327,18.400,17259.58
41,1,8,1,2645,-56.130,-134.441,-456.327,18.400,17259.58
42,1,9,0,2510,-35.630,-201.441,-456.327,18.400,17259.58
43,1,9,1,2539,-35.630,-134.441,-456.327,18.400,17259.58
44,1,10,0,2549,-15.130,-201.441,-456.327,18.400,17259.58
45,1,10,1,2527,-15.130,-134.441,-456.327,18.400,17259.58
46,1,11,0,2553,5.370,-201.441,-456.327,18.400,17259.58
47,1,11,1,2513,5.370,-134.441,-456.327,18.400,17259.58
48,2,0,0,2284,-230.380,-201.441,-431.127,18.400,17259.58
49,2,0,1,2310,-230.380,-134.441,-431.127,18.400,17259.58
50,2,1,0,2359,-209.880,-201.441,-431.127,18.400,17259.58
51,2,1,1,2349,-209.880,-134.441,-431.127,18.400,17259.58
52,2,2,0,2319,-189.380,-201.441,-431.127,18.400,17259.58
53,2,2,1,2229,-189.380,-134.441,-431.127,18.400,17259.58
54,2,3,0,2258,-168.880,-201.441,-431.127,18.400,17259.58
55,2,3,1,2259,-168.880,-134.441,-431.127,18.400,17259.58
56,2,4,0,2272,-148.380,-201.441,-431.127,18.400,17259.58
57,2,4,1,2262,-148.380,-134.441,-431.127,18.400,17259.58
58,2,5,0,2222,-127.880,-201.441,-431.127,18.400,17259.58
59,2,5,1,2346,-127.880,-134.441,-431.127,18.400,17259.58
60,2,6,0,2351,-107.380,-201.441,-431.127,18.400,17259.58
61,2,6,1,2243,-107.380,-134.441,-431.127,18.400,17259.58
62,2,7,0,2236,-86.880,-201.441,-431.127,18.400,17259.58
63,2,7,1,2232,-86.880,-134.441,-431.127,18.400,17259.58
64,2,8,0,2255,-66.380,-201.441,-431.127,18.400,17259.58
65,2,8,1,2348,-66.380,-134.441,-431.127,18.400,17259.58
66,2,9,0,2313,-45.880,-201.441,-431.127,18.400,17259.58
67,2,9,1,2353,-45.880,-134.441,-431.127,18.400,17259.58
68,2,10,0,2223,-25.380,-201.441,-431.127,18.400,17259.58
69,2,10,1,2219,-25.380,-134.441,-431.127,18.400,17259.58
70,2,11,0,2231,-4.880,-201.441,-431.127,18.400,17259.58
71,2,11,1,2309,-4.880,-134.441,-431.127,18.400,17259.58
72,3,0,0,2668,-220.130,-201.441,-405.927,18.400,17259.58
73,3,0,1,2792,-220.130,-134.441,-405.927,18.400,17259.58
74,3,1,0,2689,-199.630,-201.441,-405.927,18.400,17259.58
75,3,1,1,2764,-199.630,-134.441,-405.927,18.400,17259.58
76,3,2,0,2692,-179.130,-201.441,-405.927,18.400,17259.58
77,3,2,1,2722,-179.130,-134.441,-405.927,18.400,17259.58
78,3,3,0,2742,-158.630,-201.441,-405.927,18.400,17259.58
79,3,3,1,2657,-158.630,-134.441,-405.927,18.400,17259.58
80,3,4,0,2727,-138.130,-201.441,-405.927,18.400,17259.58
81,3,4,1,2755,-138.130,-134.441,-405.927,18.400,17259.58
82,3,5,0,2760,-117.630,-201.441,-405.927,18.400,17259.58
83,3,5,1,2791,-117.630,-134.441,-405.927,18.400,17259.58
84,3,6,0,2780,-97.130,-201.441,-405.927,18.400,17259.58
85,3,6,1,2774,-97.130,-134.441,-405.927,18.400,17259.58
86,3,7,0,2706,-76.630,-201.441,-405.927,18.400,17259.58
87,3,7,1,2744,-76.630,-134.441,-405.927,18.400,17259.58
88,3,8,0,2724,-56.130,-201.441,-405.927,18.400,17259.58
89,3,8,1,2715,-56.130,-134.441,-405.927,18.400,17259.58
90,3,9,0,2785,-35.630,-201.441,-405.927,18.400,17259.58
91,3,9,1,2739,-35.630,-134.441,-405.927,18.400,17259.58
92,3,10,0,2763,-15.130,-201.441,-405.927,18.400,17259.58
93,3,10,1,2660,-15.130,-134.441,-405.927,18.400,17259.58
94,3,11,0,2749,5.370,-201.441,-405.927,18.400,17259.58
95,3,11,1,2803,5.370,-134.441,-405.927,18.400,17259.58
96,4,0,0,1328,-230.380,-201.441,-380.727,18.400,17259.58
97,4,0,1,1375,-230.380,-134.441,-380.727,18.400,17259.58
98,4,1,0,1333,-209.880,-201.441,-380.727,18.400,17259.58
99,4,1,1,1376,-209.880,-134.441,-380.727,18.400,17259.58
100,4,2,0,1436,-189.380,-201.441,-380.727,18.400,17259.58
101,4,2,1,1350,-189.380,-134.441,-380.727,18.400,17259.58
102,4,3,0,1398,-168.880,-201.441,-380.727,18.400,17259.58
103,4,3,1,1368,-168.880,-134.441,-380.727,18.400,17259.58
104,4,4,0,1382,-148.380,-201.441,-380.727,18.400,17259.58
105,4,4,1,1326,-148.380,-134.441,-380.727,18.400,17259.58
106,4,5,0,1414,-127.880,-201.441,-380.727,18.400,17259.58
107,4,5,1,1470,-127.880,-134.441,-380.727,18.400,17259.58
108,4,6,0,1450,-107.380,-201.441,-380.727,18.400,17259.58
109,4,6,1,1405,-107.380,-134.441,-380.727,18.400,17259.58
110,4,7,0,1356,-86.880,-201.441,-380.727,18.400,17259.58
111,4,7,1,1339,-86.880,-134.441,-380.727,18.400,17259.58
112,4,8,0,1433,-66.380,-201.441,-380.727,18.400,17259.58
113,4,8,1,1354,-66.380,-134.441,-380.727,18.400,17259.58
114,4,9,0,1449,-45.880,-201.441,-380.727,18.400,17259.58
115,4,9,1,1335,-45.880,-134.441,-380.727,18.400,17259.58
116,4,10,0,1396,-25.380,-201.441,-380.727,18.400,17259.58
117,4,10,1,1418,-25.380,-134.441,-380.727,18.400,17259.58
118,4,11,0,1421,-4.880,-201.441,-380.727,18.400,17259.58
119,4,11,1,1394,-4.880,-134.441,-380.727,18.400,17259.58
120,5,0,0,1576,-220.130,-201.441,-355.527,18.400,17259.58
121,5,0,1,1511,-220.130,-134.441,-355.527,18.400,17259.58
122,5,1,0,1479,-199.630,-201.441,-355.527,18.400,17259.58
123,5,1,1,1539,-199.630,-134.441,-355.527,18.400,17259.58
124,5,2,0,1540,-179.130,-201.441,-355.527,18.400,17259.58
125,5,2,1,1579,-179.130,-134.441,-355.527,18.400,17259.58
126,5,3,0,1515,-158.630,-201.441,-355.527,18.400,17259.58
127,5,3,1,1548,-158.630,-134.441,-355.527,18.400,17259.58
128,5,4,0,1571,-138.130,-201.441,-355.527,18.400,17259.58
129,5,4,1,1473,-138.130,-134.441,-355.527,18.400,17259.58
130,5,5,0,1487,-117.630,-201.441,-355.527,18.400,17259.58
131,5,5,1,1537,-117.630,-134.441,-355.527,18.400,17259.58
132,5,6,0,1500,-97.130,-201.441,-355.527,18.400,17259.58
133,5,6,1,1599,-97.130,-134.441,-355.527,18.400,17259.58
134,5,7,0,1485,-76.630,-201.441,-355.527,18.400,17259.58
135,5,7,1,1605,-76.630,-134.441,-355.527,18.400,17259.58
136,5,8,0,1507,-56.130,-201.441,-355.527,18.400,17259.58
137,5,8,1,1595,-56.130,-134.441,-355.527,18.400,17259.58
138,5,9,0,1594,-35.630,-201.441,-355.527,18.400,17259.58
139,5,9,1,1610,-35.630,-134.441,-355.527,18.400,17259.58
140,5,10,0,1534,-15.130,-201.441,-355.527,18.400,17259.58
141,5,10,1,1481,-15.130,-134.441,-355.527,18.400,17259.58
142,5,11,0,1477,5.370,-201.441,-355.527,18.400,17259.58
143,5,11,1,1520,5.370,-134.441,-355.527,18.400,17259.58
144,6,0,0,2410,-230.380,-201.441,-330.327,18.400,17259.58
145,6,0,1,2427,-230.380,-134.441,-330.327,18.400,17259.58
146,6,1,0,2469,-209.880,-201.441,-330.327,18.400,17259.58
147,6,1,1,2445,-209.880,-134.441,-330.327,18.400,17259.58
148,6,2,0,2497,-189.380,-201.441,-330.327,18.400,17259.58
149,6,2,1,2441,-189.380,-134.441,-330.327,18.400,17259.58
150,6,3,0,2398,-168.880,-201.441,-330.327,18.400,17259.58
151,6,3,1,2434,-168.880,-134.441,-330.327,18.400,17259.58
152,6,4,0,2454,-148.380,-201.441,-330.327,18.400,17259.58
153,6,4,1,2400,-148.380,-134.441,-330.327,18.400,17259.58
154,6,5,0,2444,-127.880,-201.441,-330.327,18.400,17259.58
155,6,5,1,2475,-127.880,-134.441,-330.327,18.400,17259.58
156,6,6,0,2369,-107.380,-201.441,-330.327,18.400,17259.58
157,6,6,1,2408,-107.380,-134.441,-330.327,18.400,17259.58
158,6,7,0,2360,-86.880,-201.441,-330.327,18.400,17259.58
159,6,7,1,2485,-86.880,-134.441,-330.327,18.400,17259.58
160,6,8,0,2450,-66.380,-201.441,-330.327,18.400,17259.58
161,6,8,1,2411,-66.380,-134.441,-330.327,18.400,17259.58
162,6,9,0,2379,-45.880,-201.441,-330.327,18.400,17259.58
163,6,9,1,2443,-45.880,-134.441,-330.327,18.400,17259.58
164,6,10,0,2461,-25.380,-201.441,-330.327,18.400,17259.58
165,6,10,1,2391,-25.380,-134.441,-330.327,18.400,17259.58
166,6,11,0,2466,-4.880,-201.441,-330.327,18.400,17259.58
167,6,11,1,2428,-4.880,-134.441,-330.327,18.400,17259.58
168,7,0,0,1784,-220.130,-201.441,-305.127,18.400,17259.58
169,7,0,1,1834,-220.130,-134.441,-305.127,18.400,17259.58
170,7,1,0,1779,-199.630,-201.441,-305.127,18.400,17259.58
171,7,1,1,1776,-199.630,-134.441,-305.127,18.400,17259.58
172,7,2,0,1821,-179.130,-201.441,-305.127,18.400,17259.58
173,7,2,1,1797,-179.130,-134.441,-305.127,18.400,17259.58
174,7,3,0,1829,-158.630,-201.441,-305.127,18.400,17259.58
175,7,3,1,1895,-158.630,-134.441,-305.127,18.400,17259.58
176,7,4,0,1769,-138.130,-201.441,-305.127,18.400,17259.58
177,7,4,1,1897,-138.130,-134.441,-305.127,18.400,17259.58
178,7,5,0,1843,-117.630,-201.441,-305.127,18.400,17259.58
179,7,5,1,1831,-117.630,-134.441,-305.127,18.400,17259.58
180,7,6,0,1882,-97.130,-201.441,-305.127,18.400,17259.58
181,7,6,1,1807,-97.130,-134.441,-305.127,18.400,17259.58
182,7,7,0,1775,-76.630,-201.441,-305.127,18.400,17259.58
183,7,7,1,1842,-76.630,-134.441,-305.127,18.400,17259.58
184,7,8,0,1838,-56.130,-201.441,-305.127,18.400,17259.58
185,7,8,1,1799,-56.130,-134.441,-305.127,18.400,17259.58
186,7,9,0,1864,-35.630,-201.441,-305.127,18.400,17259.58
187,7,9,1,1880,-35.630,-134.441,-305.127,18.400,17259.58
188,7,10,0,1786,-15.130,-201.441,-305.127,18.400,17259.58
189,7,10,1,1908,-15.130,-134.441,-305.127,18.400,17259.58
190,7,11,0,1915,5.370,-201.441,-305.127,18.400,17259.58
191,7,11,1,1859,5.370,-134.441,-305.127,18.400,17259.58
192,8,0,0,2091,-230.380,-201.441,-279.927,18.400,17259.58
193,8,0,1,2173,-230.380,-134.441,-279.927,18.400,17259.58
194,8,1,0,2102,-209.880,-201.441,-279.927,18.400,17259.58
195,8,1,1,2117,-209.880,-134.441,-279.927,18.400,17259.58
196,8,2,0,2135,-189.380,-201.441,-279.927,18.400,17259.58
197,8,2,1,2130,-189.380,-134.441,-279.927,18.400,17259.58
198,8,3,0,2148,-168.880,-201.441,-279.927,18.400,17259.58
199,8,3,1,2138,-168.880,-134.441,-279.927,18.400,17259.58
200,8,4,0,2101,-148.380,-201.441,-279.927,18.400,17259.58
201,8,4,1,2156,-148.380,-134.441,-279.927,18.400,17259.58
202,8,5,0,2195,-127.880,-201.441,-279.927,18.400,17259.58
203,8,5,1,2139,-127.880,-134.441,-279.927,18.400,17259.58
204,8,6,0,2209,-107.380,-201.441,-279.927,18.400,17259.58
205,8,6,1,2120,-107.380,-134.441,-279.927,18.400,17259.58
206,8,7,0,2065,-86.880,-201.441,-279.927,18.400,17259.58
207,8,7,1,2188,-86.880,-134.441,-279.927,18.400,17259.58
208,8,8,0,2064,-66.380,-201.441,-279.927,18.400,17259.58
209,8,8,1,2086,-66.380,-134.441,-279.927,18.400,17259.58
210,8,9,0,2080,-45.880,-201.441,-279.927,18.400,17259.58
211,8,9,1,2133,-45.880,-134.441,-279.927,18.400,17259.58
212,8,10,0,2093,-25.380,-201.441,-279.927,18.400,17259.58
213,8,10,1,2207,-25.380,-134.441,-279.927,18.400,17259.58
214,8,11,0,2105,-4.880,-201.441,-279.927,18.400,17259.58
215,8,11,1,2066,-4.880,-134.441,-279.927,18.400,17259.58
216,9,0,0,1101,-220.130,-201.441,-254.727,18.400,17259.58
217,9,0,1,1061,-220.130,-134.441,-254.727,18.400,17259.58
218,9,1,0,1175,-199.630,-201.441,-254.727,18.400,17259.58
219,9,1,1,1056,-199.630,-134.441,-254.727,18.400,17259.58
220,9,2,0,1059,-179.130,-201.441,-254.727,18.400,17259.58
221,9,2,1,1107,-179.130,-134.441,-254.727,18.400,17259.58
222,9,3,0,1127,-158.630,-201.441,-254.727,18.400,17259.58
223,9,3,1,1109,-158.630,-134.441,-254.727,18.400,17259.58
224,9,4,0,1102,-138.130,-201.441,-254.727,18.400,17259.58
225,9,4,1,1090,-138.130,-134.441,-254.727,18.400,17259.58
226,9,5,0,1156,-117.630,-201.441,-254.727,18.400,17259.58
227,9,5,1,1085,-117.630,-134.441,-254.727,18.400,17259.58
228,9,6,0,1034,-97.130,-201.441,-254.727,18.400,17259.58
229,9,6,1,1145,-97.130,-134.441,-254.727,18.400,17259.58
230,9,7,0,1046,-76.630,-201.441,-254.727,18.400,17259.58
231,9,7,1,1066,-76.630,-134.441,-254.727,18.400,17259.58
232,9,8,0,1163,-56.130,-201.441,-254.727,18.400,17259.58
233,9,8,1,1036,-56.130,-134.441,-254.727,18.400,17259.58
234,9,9,0,1092,-35.630,-201.441,-254.727,18.400,17259.58
235,9,9,1,1146,-35.630,-134.441,-254.727,18.400,17259.58
236,9,10,0,1108,-15.130,-201.441,-254.727,18.400,17259.58
237,9,10,1,1138,-15.130,-134.441,-254.727,18.400,17259.58
238,9,11,0,1141,5.370,-201.441,-254.727,18.400,17259.58
239,9,11,1,1081,5.370,-134.441,-254.727,18.400,17259.58
240,10,0,0,502,-230.380,-201.441,-229.527,18.400,17259.58
241,10,0,1,463,-230.380,-134.441,-229.527,18.400,17259.58
242,10,1,0,550,-209.880,-201.441,-229.527,18.400,17259.58
243,10,1,1,556,-209.880,-134.441,-229.527,18.400,17259.58
244,10,2,0,471,-189.380,-201.441,-229.527,18.400,17259.58
245,10,2,1,428,-189.380,-134.441,-229.527,18.400,17259.58
246,10,3,0,515,-168.880,-201.441,-229.527,18.400,17259.58
247,10,3,1,567,-168.880,-134.441,-229.527,18.400,17259.58
248,10,4,0,512,-148.380,-201.441,-229.527,18.400,17259.58
249,10,4,1,461,-148.380,-134.441,-229.527,18.400,17259.58
250,10,5,0,499,-127.880,-201.441,-229.527,18.400,17259.58
251,10,5,1,444,-127.880,-134.441,-229.527,18.400,17259.58
252,10,6,0,510,-107.380,-201.441,-229.527,18.400,17259.58
253,10,6,1,441,-107.380,-134.441,-229.527,18.400,17259.58
254,10,7,0,546,-86.880,-201.441,-229.527,18.400,17259.58
255,10,7,1,465,-86.880,-134.441,-229.527,18.400,17259.58
256,10,8,0,432,-66.380,-201.441,-229.527,18.400,17259.58
257,10,8,1,458,-66.380,-134.441,-229.527,18.400,17259.58
258,10,9,0,543,-45.880,-201.441,-229.527,18.400,17259.58
259,10,9,1,523,-45.880,-134.441,-229.527,18.400,17259.58
260,10,10,0,455,-25.380,-201.441,-229.527,18.400,17259.58
261,10,10,1,433,-25.380,-134.441,-229.527,18.400,17259.58
262,10,11,0,440,-4.880,-201.441,-229.527,18.400,17259.58
263,10,11,1,514,-4.880,-134.441,-229.527,18.400,17259.58
264,11,0,0,323,-220.130,-201.441,-204.327,18.400,17259.58
265,11,0,1,401,-220.130,-134.441,-204.327,18.400,17259.58
266,11,1,0,365,-199.630,-201.441,-204.327,18.400,17259.58
267,11,1,1,291,-199.630,-134.441,-204.327,18.400,17259.58
268,11,2,0,341,-179.130,-201.441,-204.327,18.400,17259.58
269,11,2,1,270,-179.130,-134.441,-204.327,18.400,17259.58
270,11,3,0,335,-158.630,-201.441,-204.327,18.400,17259.58
271,11,3,1,384,-158.630,-134.441,-204.327,18.400,17259.58
272,11,4,0,380,-138.130,-201.441,-204.327,18.400,17259.58
273,11,4,1,381,-138.130,-134.441,-204.327,18.400,17259.58
274,11,5,0,286,-117.630,-201.441,-204.327,18.400,17259.58
275,11,5,1,299,-117.630,-134.441,-204.327,18.400,17259.58
276,11,6,0,285,-97.130,-201.441,-204.327,18.400,17259.58
277,11,6,1,344,-97.130,-134.441,-204.327,18.400,17259.58
278,11,7,0,408,-76.630,-201.441,-204.327,18.400,17259.58
279,11,7,1,407,-76.630,-134.441,-204.327,18.400,17259.58
280,11,8,0,301,-56.130,-201.441,-204.327,18.400,17259.58
281,11,8,1,398,-56.130,-134.441,-204.327,18.400,17259.58
282,11,9,0,289,-35.630,-201.441,-204.327,18.400,17259.58
283,11,9,1,297,-35.630,-134.441,-204.327,18.400,17259.58
284,11,10,0,394,-15.130,-201.441,-204.327,18.400,17259.58
285,11,10,1,412,-15.130,-134.441,-204.327,18.400,17259.58
286,11,11,0,413,5.370,-201.441,-204.327,18.400,17259.58
287,11,11,1,266,5.370,-134.441,-204.327,18.400,17259.58
288,12,0,0,585,-230.380,-201.441,-179.127,18.400,17259.58
289,12,0,1,688,-230.380,-134.441,-179.127,18.400,17259.58
290,12,1,0,650,-209.880,-201.441,-179.127,18.400,17259.58
291,12,1,1,609,-209.880,-134.441,-179.127,18.400,17259.58
292,12,2,0,587,-189.380,-201.441,-179.127,18.400,17259.58
293,12,2,1,636,-189.380,-134.441,-179.127,18.400,17259.58
294,12,3,0,675,-168.880,-201.441,-179.127,18.400,17259.58
295,12,3,1,656,-168.880,-134.441,-179.127,18.400,17259.58
296,12,4,0,633,-148.380,-201.441,-179.127,18.400,17259.58
297,12,4,1,684,-148.380,-134.441,-179.127,18.400,17259.58
298,12,5,0,591,-127.880,-201.441,-179.127,18.400,17259.58
299,12,5,1,618,-127.880,-134.441,-179.127,18.400,17259.58
300,12,6,0,702,-107.380,-201.441,-179.127,18.400,17259.58
301,12,6,1,668,-107.380,-134.441,-179.127,18.400,17259.58
302,12,7,0,632,-86.880,-201.441,-179.127,18.400,17259.58
303,12,7,1,712,-86.880,-134.441,-179.127,18.400,17259.58
304,12,8,0,689,-66.380,-201.441,-179.127,18.400,17259.58
305,12,8,1,619,-66.380,-134.441,-179.127,18.400,17259.58
306,12,9,0,630,-45.880,-201.441,-179.127,18.400,17259.58
307,12,9,1,577,-45.880,-134.441,-179.127,18.400,17259.58
308,12,10,0,594,-25.380,-201.441,-179.127,18.400,17259.58
309,12,10,1,691,-25.380,-134.441,-179.127,18.400,17259.58
310,12,11,0,660,-4.880,-201.441,-179.127,18.400,17259.58
311,12,11,1,605,-4.880,-134.441,-179.127,18.400,17259.58
312,13,0,0,1222,-220.130,-201.441,-153.927,18.400,17259.58
313,13,0,1,1196,-220.130,-134.441,-153.927,18.400,17259.58
314,13,1,0,1290,-199.630,-201.441,-153.927,18.400,17259.58
315,13,1,1,1261,-199.630,-134.441,-153.927,18.400,17259.58
316,13,2,0,1219,-179.130,-201.441,-153.927,18.400,17259.58
317,13,2,1,1291,-179.130,-134.441,-153.927,18.400,17259.58
318,13,3,0,1273,-158.630,-201.441,-153.927,18.400,17259.58
319,13,3,1,1234,-158.630,-134.441,-153.927,18.400,17259.58
320,13,4,0,1274,-138.130,-201.441,-153.927,18.400,17259.58
321,13,4,1,1289,-138.130,-134.441,-153.927,18.400,17259.58
322,13,5,0,1252,-117.630,-201.441,-153.927,18.400,17259.58
323,13,5,1,1302,-117.630,-134.441,-153.927,18.400,17259.58
324,13,6,0,1307,-97.130,-201.441,-153.927,18.400,17259.58
325,13,6,1,1207,-97.130,-134.441,-153.927,18.400,17259.58
326,13,7,0,1292,-76.630,-201.441,-153.927,18.400,17259.58
327,13,7,1,1278,-76.630,-134.441,-153.927,18.400,17259.58
328,13,8,0,1195,-56.130,-201.441,-153.927,18.400,17259.58
329,13,8,1,1308,-56.130,-134.441,-153.927,18.400,17259.58
330,13,9,0,1194,-35.630,-201.441,-153.927,18.400,17259.58
331,13,9,1,1251,-35.630,-134.441,-153.927,18.400,17259.58
332,13,10,0,1257,-15.130,-201.441,-153.927,18.400,17259.58
333,13,10,1,1184,-15.130,-134.441,-153.927,18.400,17259.58
334,13,11,0,1237,5.370,-201.441,-153.927,18.400,17259.58
335,13,11,1,1179,5.370,-134.441,-153.927,18.400,17259.58
336,14,0,0,989,-230.380,-201.441,-128.727,18.400,17259.58
337,14,0,1,903,-230.380,-134.441,-128.727,18.400,17259.58
338,14,1,0,941,-209.880,-201.441,-128.727,18.400,17259.58
339,14,1,1,953,-209.880,-134.441,-128.727,18.400,17259.58
340,14,2,0,991,-189.380,-201.441,-128.727,18.400,17259.58
341,14,2,1,886,-189.380,-134.441,-128.727,18.400,17259.58
342,14,3,0,902,-168.880,-201.441,-128.727,18.400,17259.58
343,14,3,1,962,-168.880,-134.441,-128.727,18.400,17259.58
344,14,4,0,984,-148.380,-201.441,-128.727,18.400,17259.58
345,14,4,1,994,-148.380,-134.441,-128.727,18.400,17259.58
346,14,5,0,981,-127.880,-201.441,-128.727,18.400,17259.58
347,14,5,1,997,-127.880,-134.441,-128.727,18.400,17259.58
348,14,6,0,971,-107.380,-201.441,-128.727,18.400,17259.58
349,14,6,1,1002,-107.380,-134.441,-128.727,18.400,17259.58
350,14,7,0,998,-86.880,-201.441,-128.727,18.400,17259.58
351,14,7,1,951,-86.880,-134.441,-128.727,18.400,17259.58
352,14,8,0,897,-66.380,-201.441,-128.727,18.400,17259.58
353,14,8,1,1014,-66.380,-134.441,-128.727,18.400,17259.58
354,14,9,0,958,-45.880,-201.441,-128.727,18.400,17259.58
355,14,9,1,986,-45.880,-134.441,-128.727,18.400,17259.58
356,14,10,0,880,-25.380,-201.441,-128.727,18.400,17259.58
357,14,10,1,893,-25.380,-134.441,-128.727,18.400,17259.58
358,14,11,0,912,-4.880,-201.441,-128.727,18.400,17259.58
359,14,11,1,980,-4.880,-134.441,-128.727,18.400,17259.58
360,15,0,0,751,-220.130,-201.441,-103.527,18.400,17259.58
361,15,0,1,760,-220.130,-134.441,-103.527,18.400,17259.58
362,15,1,0,791,-199.630,-201.441,-103.527,18.400,17259.58
363,15,1,1,822,-199.630,-134.441,-103.527,18.400,17259.58
364,15,2,0,799,-179.130,-201.441,-103.527,18.400,17259.58
365,15,2,1,789,-179.130,-134.441,-103.527,18.400,17259.58
366,15,3,0,808,-158.630,-201.441,-103.527,18.400,17259.58
367,15,3,1,727,-158.630,-134.441,-103.527,18.400,17259.58
368,15,4,0,738,-138.130,-201.441,-103.527,18.400,17259.58
369,15,4,1,781,-138.130,-134.441,-103.527,18.400,17259.58
370,15,5,0,755,-117.630,-201.441,-103.527,18.400,17259.58
371,15,5,1,725,-117.630,-134.441,-103.527,18.400,17259.58
372,15,6,0,804,-97.130,-201.441,-103.527,18.400,17259.58
373,15,6,1,756,-97.130,-134.441,-103.527,18.400,17259.58
374,15,7,0,750,-76.630,-201.441,-103.527,18.400,17259.58
375,15,7,1,818,-76.630,-134.441,-103.527,18.400,17259.58
376,15,8,0,823,-56.130,-201.441,-103.527,18.400,17259.58
377,15,8,1,726,-56.130,-134.441,-103.527,18.400,17259.58
378,15,9,0,775,-35.630,-201.441,-103.527,18.400,17259.58
379,15,9,1,850,-35.630,-134.441,-103.527,18.400,17259.58
380,15,10,0,788,-15.130,-201.441,-103.527,18.400,17259.58
381,15,10,1,813,-15.130,-134.441,-103.527,18.400,17259.58
382,15,11,0,805,5.370,-201.441,-103.527,18.400,17259.58
383,15,11,1,741,5.370,-134.441,-103.527,18.400,17259.58
384,16,0,0,1730,-230.380,-201.441,-78.327,18.400,17259.58
385,16,0,1,1762,-230.380,-134.441,-78.327,18.400,17259.58
386,16,1,0,1659,-209.880,-201.441,-78.327,18.400,17259.58
387,16,1,1,1703,-209.880,-134.441,-78.327,18.400,17259.58
388,16,2,0,1632,-189.380,-201.441,-78.327,18.400,17259.58
389,16,2,1,1728,-189.380,-134.441,-78.327,18.400,17259.58
390,16,3,0,1624,-168.880,-201.441,-78.327,18.400,17259.58
391,16,3,1,1679,-168.880,-134.441,-78.327,18.400,17259.58
392,16,4,0,1722,-148.380,-201.441,-78.327,18.400,17259.58
393,16,4,1,1707,-148.380,-134.441,-78.327,18.400,17259.58
394,16,5,0,1699,-127.880,-201.441,-78.327,18.400,17259.58
395,16,5,1,1645,-127.880,-134.441,-78.327,18.400,17259.58
396,16,6,0,1671,-107.380,-201.441,-78.327,18.400,17259.58
397,16,6,1,1756,-107.380,-134.441,-78.327,18.400,17259.58
398,16,7,0,1681,-86.880,-201.441,-78.327,18.400,17259.58
399,16,7,1,1690,-86.880,-134.441,-78.327,18.400,17259.58
400,16,8,0,1649,-66.380,-201.441,-78.327,18.400,17259.58
401,16,8,1,1676,-66.380,-134.441,-78.327,18.400,17259.58
402,16,9,0,1655,-45.880,-201.441,-78.327,18.400,17259.58
403,16,9,1,1689,-45.880,-134.441,-78.327,18.400,17259.58
404,16,10,0,1732,-25.380,-201.441,-78.327,18.400,17259.58
405,16,10,1,1716,-25.380,-134.441,-78.327,18.400,17259.58
406,16,11,0,1719,-4.880,-201.441,-78.327,18.400,17259.58
407,16,11,1,1626,-4.880,-134.441,-78.327,18.400,17259.58
